[
  {
    "input": "Provide the mathematical formulation for the CVRP.",
    "output": {
      "problem_family": "CVRP",
      "sets": [
        {
          "name": "V",
          "desc": "set of all nodes {0,...,n} with depot 0"
        },
        {
          "name": "C",
          "desc": "customer nodes V \\ {0}"
        }
      ],
      "parameters": [
        {
          "name": "d_i",
          "desc": "demand of customer i",
          "domain": "Z_+",
          "indices": "i in C"
        },
        {
          "name": "Q",
          "desc": "vehicle capacity",
          "domain": "Z_+"
        }
      ],
      "variables": [
        {
          "name": "x_{ij}",
          "desc": "1 if arc (i,j) used",
          "domain": "{0,1}",
          "indices": "i,j in V, i!=j"
        },
        {
          "name": "u_i",
          "desc": "MTZ load variable",
          "domain": "R_+",
          "indices": "i in C"
        }
      ],
      "objective": {
        "sense": "min",
        "expr": "sum_{i!=j} c_{ij} x_{ij}"
      },
      "constraints": [
        {
          "label": "visit",
          "expr": "sum_{j!=i} x_{ij} = 1",
          "indices": "i in C"
        },
        {
          "label": "leave",
          "expr": "sum_{j!=i} x_{ji} = 1",
          "indices": "i in C"
        },
        {
          "label": "depot_degree",
          "expr": "sum_{j in C} x_{0j} = k = sum_{j in C} x_{j0}"
        },
        {
          "label": "capacity_MTZ",
          "expr": "u_i - u_j + Q x_{ij} <= Q - d_j",
          "indices": "i in C, j in C, i!=j"
        },
        {
          "label": "bounds",
          "expr": "d_i <= u_i <= Q",
          "indices": "i in C"
        }
      ],
      "notes": [
        "Use MTZ subtour elimination.",
        "If k unknown, allow multiple vehicles implicitly."
      ]
    }
  },
  {
    "input": "Provide the mathematical formulation for the Knapsack Problem.",
    "output": {
      "problem_family": "Knapsack",
      "sets": [
        {
          "name": "I",
          "desc": "set of items {1,...,n}"
        }
      ],
      "parameters": [
        {
          "name": "v_i",
          "desc": "value of item i",
          "domain": "R_+",
          "indices": "i in I"
        },
        {
          "name": "w_i",
          "desc": "weight of item i",
          "domain": "R_+",
          "indices": "i in I"
        },
        {
          "name": "W",
          "desc": "knapsack capacity",
          "domain": "R_+"
        }
      ],
      "variables": [
        {
          "name": "x_i",
          "desc": "1 if item i is selected",
          "domain": "{0,1}",
          "indices": "i in I"
        }
      ],
      "objective": {
        "sense": "max",
        "expr": "sum_{i in I} v_i x_i"
      },
      "constraints": [
        {
          "label": "capacity",
          "expr": "sum_{i in I} w_i x_i <= W"
        }
      ],
      "notes": [
        "This is the 0/1 knapsack problem."
      ]
    }
  },
  {
    "input": "Provide the mathematical formulation for the Graph Coloring Problem.",
    "output": {
      "problem_family": "Graph Coloring",
      "sets": [
        {
          "name": "V",
          "desc": "set of vertices"
        },
        {
          "name": "E",
          "desc": "set of edges"
        },
        {
          "name": "K",
          "desc": "set of available colors"
        }
      ],
      "parameters": [],
      "variables": [
        {
          "name": "x_{ik}",
          "desc": "1 if vertex i is assigned color k",
          "domain": "{0,1}",
          "indices": "i in V, k in K"
        },
        {
          "name": "y_k",
          "desc": "1 if color k is used",
          "domain": "{0,1}",
          "indices": "k in K"
        }
      ],
      "objective": {
        "sense": "min",
        "expr": "sum_{k in K} y_k"
      },
      "constraints": [
        {
          "label": "assign_one_color",
          "expr": "sum_{k in K} x_{ik} = 1",
          "indices": "i in V"
        },
        {
          "label": "adjacent_colors",
          "expr": "x_{ik} + x_{jk} <= y_k",
          "indices": "(i,j) in E, k in K"
        }
      ],
      "notes": [
        "This formulation minimizes the number of colors used."
      ]
    }
  }
]